{"stat.useItem.274":33,"stat.useItem.20":2,"stat.useItem.273":140,"stat.useItem.65":59,"stat.craftItem.263":5,"stat.useItem.275":3,"stat.useItem.154":3,"stat.walkOneCm":484243,"stat.craftItem.265":13,"stat.useItem.61":2,"stat.useItem.279":7,"stat.craftItem.61":1,"stat.leaveGame":4,"stat.breakItem.257":1,"stat.mineBlock.175":3,"stat.mineBlock.81":1,"stat.killEntity.Creeper":1,"stat.mineBlock.58":2,"stat.mineBlock.13":34,"stat.mineBlock.16":38,"stat.mineBlock.15":11,"stat.mineBlock.18":925,"stat.mineBlock.17":137,"stat.jump":779,"stat.useItem.324":3,"stat.swimOneCm":1527,"stat.fallOneCm":9042,"stat.climbOneCm":11832,"achievement.buildWorkBench":1,"achievement.mineWood":115,"stat.craftItem.324":1,"stat.mineBlock.50":13,"achievement.exploreAllBiomes":{"value":0,"progress":["River","Forest","Taiga","Desert","TaigaHills"]},"stat.mineBlock.12":35,"stat.killEntity.Skeleton":1,"stat.useItem.256":121,"stat.useItem.258":13,"stat.useItem.257":321,"achievement.openInventory":46,"stat.craftItem.5":20,"stat.breakItem.273":1,"stat.damageTaken":1370,"stat.killEntity.Spider":4,"stat.mineBlock.4":4,"stat.mineBlock.3":208,"stat.mineBlock.1":243,"stat.mineBlock.61":2,"stat.mobKills":17,"stat.mineBlock.65":1,"stat.useItem.54":2,"stat.craftItem.58":1,"stat.flyOneCm":8020,"stat.mineBlock.37":2,"stat.deaths":3,"stat.useItem.267":74,"stat.drop":38,"stat.useItem.50":85,"stat.mineBlock.39":7,"stat.playOneMinute":186119,"stat.entityKilledBy.Zombie":1,"stat.useItem.4":81,"stat.useItem.3":255,"stat.damageDealt":3410,"stat.killEntity.Zombie":6,"stat.killEntity.Cow":1,"stat.killEntity.Pig":4,"stat.useItem.58":3,"stat.mineBlock.31":2,"stat.useItem.272":2}