[
  {
    "signatures": [
      {
        "signature": "sha256:2bb67c0cb58e983019d3b341cd5cffbe5b26acafd698c5b56dd50ad9eda8e77c",
        "filename": "CodeChickenCore-1.7.10-1.0.4.35-universal.jar"
      },
      {
        "signature": "sha256:8772f727448b8c68785331ae051cb5d80ac6ade14b36646eed101f621356b1b1",
        "filename": "OpenEye-0.6-1.7.10.jar"
      },
      {
        "signature": "sha256:1d021aa5310d7796b84bafdec0f1a93e927fa207feb92bd80567b08004da357a",
        "filename": "[1.7.10]StartingInventory-universal-1.7.10.r03.jar"
      },
      {
        "signature": "sha256:d30f7f9b624e3064852af1642e4d6988aeea689a8a6871c5d074572bddce0283",
        "filename": "dimensional-anchor-59.0.2.jar"
      },
      {
        "signature": "sha256:e3eb565c8471612f7e768ca119e8d90da987938328977b08b6302015625994e9",
        "filename": "ProjectE-1.7.10-PE1.2.0.jar"
      },
      {
        "signature": "sha256:0d828049b0a5b297dc0f8a14364f17623f6b865fde87b0d3399ea4c406907f56",
        "filename": "MrTJPCore-1.7.10-1.0.5.11-universal.jar"
      },
      {
        "signature": "sha256:b8ab46fcc99b7eaffa92da9afd2e50f3fdf39f7f0bd0799804bf7eb9a59f0995",
        "filename": "Eureka-1.7.10-2.2.jar"
      },
      {
        "signature": "sha256:dc3ecc3e496efa38bff512e50ae53a0d88135ab3f4e4e047f56dd928fc52c8fe",
        "filename": "ProjectRed-1.7.10-4.5.13.65-Mechanical_beta.jar"
      },
      {
        "signature": "sha256:6895ef5ebe6f50bc5e114a843583aea725321d86f46adea39561e73774fade94",
        "filename": "Aroma1997Core-1.7.10-1.0.2.13.jar"
      },
      {
        "signature": "sha256:88e1314554b9fb24356d6629b65512c0080c80ae98d9bb275ebdf299ab13241b",
        "filename": "[1.7.10]Treecapitator-universal-2.0.4.jar"
      },
      {
        "signature": "sha256:ebe7e5087829866f536e1add831028ef3a41af2455501eb0af5b440c1089769c",
        "filename": "ForgeMultipart-1.7.10-1.1.1.320-universal.jar"
      },
      {
        "signature": "sha256:4aefd46a129ce721f5de377f97a0ec72197653031c975074ba7db006b13edbad",
        "filename": "logisticspipes-0.8.3.104.jar"
      },
      {
        "signature": "sha256:764ea07563de8d558f15483a55685b4527ec98349e48b4cbe2e683d355eca81d",
        "filename": "DragonAPI 1.7.10 V6f.jar"
      },
      {
        "signature": "sha256:ca93fceed2fc72f9ee394734083000ca2b6046feb3302b9eefcf542021c56d24",
        "filename": "ProjectRed-1.7.10-4.5.13.65-Compat.jar"
      },
      {
        "signature": "sha256:920de52efc2aae0472098ac264d5f01f04a1f4d1410e9113a3579a21158be345",
        "filename": "CodeChickenLib-1.7.10-1.1.1.110-universal.jar"
      },
      {
        "signature": "sha256:587dcc3a230de9b8ac846aec07ea4e9dce0c85bcf8dbc6cbb0451bd436729089",
        "filename": "RotaryCraft 1.7.10 V6f.jar"
      },
      {
        "signature": "sha256:89a6bb554e44d3e29599b077d38da767b4880896132ab26d804e179f4bd7cd6b",
        "filename": "BuildCraft Utilities-1.7.10-1.2.0.jar"
      },
      {
        "signature": "sha256:b0d5758c5c9bea894eccd74210cfc9d68eb1384806161d2394e726f1352defe1",
        "filename": "ComputerCraft1.73.jar"
      },
      {
        "signature": "sha256:a0250933fe8cc6a44eb098016d4dadaba7746a27efc3d5a7f4f4c9bf247cfe09",
        "filename": "ejml-0.23.jar"
      },
      {
        "signature": "sha256:2412799f9426ec73d95e2fcb40a93a355afe1a47462c57bea74556a9a4374b34",
        "filename": "immibis-peripherals-59.0.2.jar"
      },
      {
        "signature": "sha256:920de52efc2aae0472098ac264d5f01f04a1f4d1410e9113a3579a21158be345",
        "filename": "CodeChickenLib-1.7.10-1.1.1.110-universal.jar"
      },
      {
        "signature": "sha256:27b12839340daea5650765a46e787f228a08c7e31256ce96518cbac16ddce9b1",
        "filename": "ProjectRed-1.7.10-4.5.13.65-Lighting.jar"
      },
      {
        "signature": "sha256:a516d1509ea509a98aa267429fa74f4b73a65ecc0fedf1d8620dad4498db1fce",
        "filename": "forge-1.7.10-10.13.2.1291-universal.jar"
      },
      {
        "signature": "sha256:024b07299949580f456955d3b49d074dee206e4ab67726731be4b17b67e1de44",
        "filename": "ProjectRed-1.7.10-4.5.13.65-World.jar"
      },
      {
        "signature": "sha256:b9d2089cd4d8bc263cf1b775fd4664f7738f779d3ba66183c3b90f2160163fff",
        "filename": "industrialcraft-2-2.2.684-experimental.jar"
      },
      {
        "signature": "sha256:5f1b1cacdff557f9185573b436a88ec19f2126fe667f9e1c3b83124dd90d2ff7",
        "filename": "worldedit-forge-mc1.7.10-6.0-beta-01.jar"
      },
      {
        "signature": "sha256:90806dd16cc7c4498e4d0b45b91a3172a0f7404265e4f6e725b61bc80bce892d",
        "filename": "appliedenergistics2-rv1-stable-1.jar"
      },
      {
        "signature": "sha256:9c91232a5bcebf8369631e9a6e8352956a854698f37ffc919e604fd046473658",
        "filename": "ForgeRelocation-1.7.10-0.0.1a.1-universal.jar"
      },
      {
        "signature": "sha256:17efcebb25ce08365c530614a0bb7f5567bf1cd8be9c80706b829f800fc44938",
        "filename": "ForgeRelocationFMP-1.7.10-0.0.1a.1-universal.jar"
      },
      {
        "signature": "sha256:ff0c241d3963249c35a7eda5f2769bffd894587f82f07f097983bdfd2808556f",
        "filename": "Aroma1997s-Dimensional-World-1.7.10-1.1.0.1.jar"
      },
      {
        "signature": "sha256:c023c00cd531887b45c8d2650559159510a192fc0f016f769b1cc492d8c47810",
        "filename": "[1.7.10]bspkrsCore-universal-6.16.jar"
      },
      {
        "signature": "sha256:454d4a59e9352ddeb093106d9e09ab965bc8a4d9c4b95b17a2852cbb52b8534b",
        "filename": "ProjectRed-1.7.10-4.5.13.65-Integration.jar"
      },
      {
        "signature": "sha256:b87e38bd244491fc46d34d5338145e54a25b21309d311111476e8117bb1a8de4",
        "filename": "infinitubes-59.0.3.jar"
      },
      {
        "signature": "sha256:dec6c5ccd79f004af6e5e8d60b15a8cae2a1d429d5cccc294a5c00cfb9e04c86",
        "filename": "buildcraft-6.4.0.jar"
      },
      {
        "signature": "sha256:5e1176890183f4e362928fe51f508ae12767a9e695083ce9137d8fc2400e6a26",
        "filename": "openccsensors-1.7.3.jar"
      },
      {
        "signature": "sha256:9dc3e321976e65b4cb2fe8c476e5547b0c677ec646d0c49ac6d8557a52fb8249",
        "filename": "advanced-machines-59.0.2.jar"
      },
      {
        "signature": "sha256:6fc3544ba41f4b7bce855ea95e6a366e7518ab1ef2d8bcbf1a86c0122e576694",
        "filename": "additionalpipes-3.4.jar"
      },
      {
        "signature": "sha256:88cdd0d6844ef8dcb0ded1930964f9b02e759c4abf866ed1674203f801dc8ae8",
        "filename": "NotEnoughItems-1.7.10-1.0.4.90-universal.jar"
      },
      {
        "signature": "sha256:992319adaba0195845a9128f182ccdba157bf286d8ea06f9c246c7be97c9ae88",
        "filename": "buildcraft-compat-6.4.0.jar"
      },
      {
        "signature": "sha256:24852909ac9d66d3a86570209a1580e2902534197e03cda875f7f6a2558a09cf",
        "filename": "adv-repulsion-systems-59.0.2.jar"
      },
      {
        "signature": "sha256:8c4ac78f5f66cbf8b9063175e5504dea7f53c50748083a1bf1595fdc91928e71",
        "filename": "immibis-core-59.0.7.jar"
      },
      {
        "signature": "sha256:aaac110f5946b5df84674c7b582438c358d65af8fb0e71d49afd60bdd46f52ef",
        "filename": "BuildcraftAdditions-1.7.10-2.0.1.jar"
      },
      {
        "signature": "sha256:7135209ae9d41c778590bb77800d6596f438780b6e90f2eed7c31696063a53c0",
        "filename": "liquid-xp-59.0.0.jar"
      },
      {
        "signature": "sha256:9c51bd2dded486e6ddb3fdbb7550752f324f80eb25d6dcd4a7de761702b3dfe1",
        "filename": "ProjectRed-1.7.10-4.5.13.65-Base.jar"
      }
    ],
    "addedSignatures": [
      "sha256:920de52efc2aae0472098ac264d5f01f04a1f4d1410e9113a3579a21158be345",
      "sha256:b87e38bd244491fc46d34d5338145e54a25b21309d311111476e8117bb1a8de4",
      "sha256:88e1314554b9fb24356d6629b65512c0080c80ae98d9bb275ebdf299ab13241b",
      "sha256:2412799f9426ec73d95e2fcb40a93a355afe1a47462c57bea74556a9a4374b34",
      "sha256:5e1176890183f4e362928fe51f508ae12767a9e695083ce9137d8fc2400e6a26",
      "sha256:b0d5758c5c9bea894eccd74210cfc9d68eb1384806161d2394e726f1352defe1",
      "sha256:6fc3544ba41f4b7bce855ea95e6a366e7518ab1ef2d8bcbf1a86c0122e576694",
      "sha256:ca93fceed2fc72f9ee394734083000ca2b6046feb3302b9eefcf542021c56d24",
      "sha256:dc3ecc3e496efa38bff512e50ae53a0d88135ab3f4e4e047f56dd928fc52c8fe",
      "sha256:992319adaba0195845a9128f182ccdba157bf286d8ea06f9c246c7be97c9ae88",
      "sha256:0d828049b0a5b297dc0f8a14364f17623f6b865fde87b0d3399ea4c406907f56",
      "sha256:5f1b1cacdff557f9185573b436a88ec19f2126fe667f9e1c3b83124dd90d2ff7",
      "sha256:24852909ac9d66d3a86570209a1580e2902534197e03cda875f7f6a2558a09cf",
      "sha256:b9d2089cd4d8bc263cf1b775fd4664f7738f779d3ba66183c3b90f2160163fff",
      "sha256:88cdd0d6844ef8dcb0ded1930964f9b02e759c4abf866ed1674203f801dc8ae8",
      "sha256:8c4ac78f5f66cbf8b9063175e5504dea7f53c50748083a1bf1595fdc91928e71",
      "sha256:27b12839340daea5650765a46e787f228a08c7e31256ce96518cbac16ddce9b1",
      "sha256:dec6c5ccd79f004af6e5e8d60b15a8cae2a1d429d5cccc294a5c00cfb9e04c86",
      "sha256:9dc3e321976e65b4cb2fe8c476e5547b0c677ec646d0c49ac6d8557a52fb8249",
      "sha256:9c51bd2dded486e6ddb3fdbb7550752f324f80eb25d6dcd4a7de761702b3dfe1",
      "sha256:90806dd16cc7c4498e4d0b45b91a3172a0f7404265e4f6e725b61bc80bce892d",
      "sha256:024b07299949580f456955d3b49d074dee206e4ab67726731be4b17b67e1de44",
      "sha256:b8ab46fcc99b7eaffa92da9afd2e50f3fdf39f7f0bd0799804bf7eb9a59f0995",
      "sha256:9c91232a5bcebf8369631e9a6e8352956a854698f37ffc919e604fd046473658",
      "sha256:6895ef5ebe6f50bc5e114a843583aea725321d86f46adea39561e73774fade94",
      "sha256:764ea07563de8d558f15483a55685b4527ec98349e48b4cbe2e683d355eca81d",
      "sha256:a0250933fe8cc6a44eb098016d4dadaba7746a27efc3d5a7f4f4c9bf247cfe09",
      "sha256:17efcebb25ce08365c530614a0bb7f5567bf1cd8be9c80706b829f800fc44938",
      "sha256:4aefd46a129ce721f5de377f97a0ec72197653031c975074ba7db006b13edbad",
      "sha256:454d4a59e9352ddeb093106d9e09ab965bc8a4d9c4b95b17a2852cbb52b8534b",
      "sha256:8772f727448b8c68785331ae051cb5d80ac6ade14b36646eed101f621356b1b1",
      "sha256:c023c00cd531887b45c8d2650559159510a192fc0f016f769b1cc492d8c47810",
      "sha256:ebe7e5087829866f536e1add831028ef3a41af2455501eb0af5b440c1089769c",
      "sha256:aaac110f5946b5df84674c7b582438c358d65af8fb0e71d49afd60bdd46f52ef",
      "sha256:7135209ae9d41c778590bb77800d6596f438780b6e90f2eed7c31696063a53c0",
      "sha256:587dcc3a230de9b8ac846aec07ea4e9dce0c85bcf8dbc6cbb0451bd436729089",
      "sha256:89a6bb554e44d3e29599b077d38da767b4880896132ab26d804e179f4bd7cd6b",
      "sha256:ff0c241d3963249c35a7eda5f2769bffd894587f82f07f097983bdfd2808556f",
      "sha256:d30f7f9b624e3064852af1642e4d6988aeea689a8a6871c5d074572bddce0283",
      "sha256:a516d1509ea509a98aa267429fa74f4b73a65ecc0fedf1d8620dad4498db1fce",
      "sha256:2bb67c0cb58e983019d3b341cd5cffbe5b26acafd698c5b56dd50ad9eda8e77c",
      "sha256:e3eb565c8471612f7e768ca119e8d90da987938328977b08b6302015625994e9",
      "sha256:1d021aa5310d7796b84bafdec0f1a93e927fa207feb92bd80567b08004da357a"
    ],
    "removedSignatures": [],
    "workTime": 340335.12,
    "language": "n/a",
    "locale": "de_DE",
    "timezone": "Europe/Berlin",
    "branding": [
      "Minecraft 1.7.10",
      "MCP v9.05",
      "FML v7.10.85.1291",
      "Minecraft Forge 10.13.2.1291",
      "55 mods loaded, 55 mods active"
    ],
    "runtime": {
      "mcp": "MCP v9.05",
      "fml": "7.10.85.1291",
      "forge": "10.13.2.1291"
    },
    "minecraft": "Minecraft 1.7.10",
    "javaVersion": "Oracle Corporation 1.8.0_25",
    "side": "server",
    "obfuscated": true,
    "type": "analytics"
  },
  {
    "states": [
      {
        "signature": "sha256:2bb67c0cb58e983019d3b341cd5cffbe5b26acafd698c5b56dd50ad9eda8e77c",
        "mods": []
      },
      {
        "signature": "sha256:8772f727448b8c68785331ae051cb5d80ac6ade14b36646eed101f621356b1b1",
        "mods": [
          {
            "modId": "OpenEye",
            "state": "Pre-initialized"
          }
        ]
      },
      {
        "signature": "sha256:1d021aa5310d7796b84bafdec0f1a93e927fa207feb92bd80567b08004da357a",
        "mods": [
          {
            "modId": "StartingInventory",
            "state": "Pre-initialized"
          }
        ]
      },
      {
        "signature": "sha256:d30f7f9b624e3064852af1642e4d6988aeea689a8a6871c5d074572bddce0283",
        "mods": [
          {
            "modId": "DimensionalAnchors",
            "state": "Pre-initialized"
          }
        ]
      },
      {
        "signature": "sha256:e3eb565c8471612f7e768ca119e8d90da987938328977b08b6302015625994e9",
        "mods": [
          {
            "modId": "ProjectE",
            "state": "Pre-initialized"
          }
        ]
      },
      {
        "signature": "sha256:0d828049b0a5b297dc0f8a14364f17623f6b865fde87b0d3399ea4c406907f56",
        "mods": [
          {
            "modId": "MrTJPCoreMod",
            "state": "Pre-initialized"
          }
        ]
      },
      {
        "signature": "sha256:b8ab46fcc99b7eaffa92da9afd2e50f3fdf39f7f0bd0799804bf7eb9a59f0995",
        "mods": [
          {
            "modId": "eureka",
            "state": "Pre-initialized"
          }
        ]
      },
      {
        "signature": "sha256:dc3ecc3e496efa38bff512e50ae53a0d88135ab3f4e4e047f56dd928fc52c8fe",
        "mods": [
          {
            "modId": "ProjRed|Expansion",
            "state": "Pre-initialized"
          },
          {
            "modId": "ProjRed|Transportation",
            "state": "Pre-initialized"
          }
        ]
      },
      {
        "signature": "sha256:6895ef5ebe6f50bc5e114a843583aea725321d86f46adea39561e73774fade94",
        "mods": [
          {
            "modId": "Aroma1997Core",
            "state": "Pre-initialized"
          },
          {
            "modId": "Aroma1997CoreHelper",
            "state": "Pre-initialized"
          }
        ]
      },
      {
        "signature": "sha256:88e1314554b9fb24356d6629b65512c0080c80ae98d9bb275ebdf299ab13241b",
        "mods": [
          {
            "modId": "Treecapitator",
            "state": "Pre-initialized"
          }
        ]
      },
      {
        "signature": "sha256:ebe7e5087829866f536e1add831028ef3a41af2455501eb0af5b440c1089769c",
        "mods": [
          {
            "modId": "McMultipart",
            "state": "Pre-initialized"
          },
          {
            "modId": "ForgeMultipart",
            "state": "Pre-initialized"
          },
          {
            "modId": "ForgeMicroblock",
            "state": "Pre-initialized"
          }
        ]
      },
      {
        "signature": "sha256:4aefd46a129ce721f5de377f97a0ec72197653031c975074ba7db006b13edbad",
        "mods": [
          {
            "modId": "LogisticsPipes",
            "state": "Pre-initialized"
          }
        ]
      },
      {
        "signature": "sha256:764ea07563de8d558f15483a55685b4527ec98349e48b4cbe2e683d355eca81d",
        "mods": [
          {
            "modId": "DragonAPI",
            "state": "Pre-initialized"
          }
        ]
      },
      {
        "signature": "sha256:ca93fceed2fc72f9ee394734083000ca2b6046feb3302b9eefcf542021c56d24",
        "mods": [
          {
            "modId": "ProjRed|Compatibility",
            "state": "Pre-initialized"
          }
        ]
      },
      {
        "signature": "sha256:920de52efc2aae0472098ac264d5f01f04a1f4d1410e9113a3579a21158be345",
        "mods": []
      },
      {
        "signature": "sha256:587dcc3a230de9b8ac846aec07ea4e9dce0c85bcf8dbc6cbb0451bd436729089",
        "mods": [
          {
            "modId": "RotaryCraft",
            "state": "Errored"
          }
        ]
      },
      {
        "signature": "sha256:89a6bb554e44d3e29599b077d38da767b4880896132ab26d804e179f4bd7cd6b",
        "mods": [
          {
            "modId": "buildcraftutils",
            "state": "Pre-initialized"
          }
        ]
      },
      {
        "signature": "sha256:b0d5758c5c9bea894eccd74210cfc9d68eb1384806161d2394e726f1352defe1",
        "mods": [
          {
            "modId": "ComputerCraft",
            "state": "Pre-initialized"
          }
        ]
      },
      {
        "signature": "sha256:a0250933fe8cc6a44eb098016d4dadaba7746a27efc3d5a7f4f4c9bf247cfe09",
        "mods": []
      },
      {
        "signature": "sha256:2412799f9426ec73d95e2fcb40a93a355afe1a47462c57bea74556a9a4374b34",
        "mods": [
          {
            "modId": "ImmibisPeripherals",
            "state": "Pre-initialized"
          }
        ]
      },
      {
        "signature": "sha256:920de52efc2aae0472098ac264d5f01f04a1f4d1410e9113a3579a21158be345",
        "mods": []
      },
      {
        "signature": "sha256:27b12839340daea5650765a46e787f228a08c7e31256ce96518cbac16ddce9b1",
        "mods": [
          {
            "modId": "ProjRed|Illumination",
            "state": "Pre-initialized"
          }
        ]
      },
      {
        "signature": "sha256:a516d1509ea509a98aa267429fa74f4b73a65ecc0fedf1d8620dad4498db1fce",
        "mods": [
          {
            "modId": "FML",
            "state": "Pre-initialized"
          },
          {
            "modId": "Forge",
            "state": "Pre-initialized"
          }
        ]
      },
      {
        "signature": "sha256:024b07299949580f456955d3b49d074dee206e4ab67726731be4b17b67e1de44",
        "mods": [
          {
            "modId": "ProjRed|Exploration",
            "state": "Pre-initialized"
          }
        ]
      },
      {
        "signature": "sha256:b9d2089cd4d8bc263cf1b775fd4664f7738f779d3ba66183c3b90f2160163fff",
        "mods": [
          {
            "modId": "IC2",
            "state": "Pre-initialized"
          }
        ]
      },
      {
        "signature": "sha256:5f1b1cacdff557f9185573b436a88ec19f2126fe667f9e1c3b83124dd90d2ff7",
        "mods": [
          {
            "modId": "worldedit",
            "state": "Pre-initialized"
          }
        ]
      },
      {
        "signature": "sha256:90806dd16cc7c4498e4d0b45b91a3172a0f7404265e4f6e725b61bc80bce892d",
        "mods": [
          {
            "modId": "appliedenergistics2",
            "state": "Pre-initialized"
          }
        ]
      },
      {
        "signature": "sha256:9c91232a5bcebf8369631e9a6e8352956a854698f37ffc919e604fd046473658",
        "mods": [
          {
            "modId": "ForgeRelocation",
            "state": "Pre-initialized"
          }
        ]
      },
      {
        "signature": "sha256:17efcebb25ce08365c530614a0bb7f5567bf1cd8be9c80706b829f800fc44938",
        "mods": [
          {
            "modId": "RelocationFMP",
            "state": "Pre-initialized"
          }
        ]
      },
      {
        "signature": "sha256:ff0c241d3963249c35a7eda5f2769bffd894587f82f07f097983bdfd2808556f",
        "mods": [
          {
            "modId": "Aroma1997sDimension",
            "state": "Pre-initialized"
          }
        ]
      },
      {
        "signature": "sha256:c023c00cd531887b45c8d2650559159510a192fc0f016f769b1cc492d8c47810",
        "mods": [
          {
            "modId": "bspkrsCore",
            "state": "Pre-initialized"
          }
        ]
      },
      {
        "signature": "sha256:454d4a59e9352ddeb093106d9e09ab965bc8a4d9c4b95b17a2852cbb52b8534b",
        "mods": [
          {
            "modId": "ProjRed|Integration",
            "state": "Pre-initialized"
          },
          {
            "modId": "ProjRed|Transmission",
            "state": "Pre-initialized"
          }
        ]
      },
      {
        "signature": "sha256:b87e38bd244491fc46d34d5338145e54a25b21309d311111476e8117bb1a8de4",
        "mods": [
          {
            "modId": "InfiniTubes",
            "state": "Pre-initialized"
          }
        ]
      },
      {
        "signature": "sha256:dec6c5ccd79f004af6e5e8d60b15a8cae2a1d429d5cccc294a5c00cfb9e04c86",
        "mods": [
          {
            "modId": "BuildCraft|Core",
            "state": "Pre-initialized"
          },
          {
            "modId": "BuildCraft|Silicon",
            "state": "Pre-initialized"
          },
          {
            "modId": "BuildCraft|Transport",
            "state": "Pre-initialized"
          },
          {
            "modId": "BuildCraft|Energy",
            "state": "Pre-initialized"
          },
          {
            "modId": "BuildCraft|Builders",
            "state": "Pre-initialized"
          },
          {
            "modId": "BuildCraft|Factory",
            "state": "Pre-initialized"
          }
        ]
      },
      {
        "signature": "sha256:5e1176890183f4e362928fe51f508ae12767a9e695083ce9137d8fc2400e6a26",
        "mods": [
          {
            "modId": "OCS",
            "state": "Pre-initialized"
          }
        ]
      },
      {
        "signature": "sha256:9dc3e321976e65b4cb2fe8c476e5547b0c677ec646d0c49ac6d8557a52fb8249",
        "mods": [
          {
            "modId": "AdvancedMachines",
            "state": "Pre-initialized"
          }
        ]
      },
      {
        "signature": "sha256:6fc3544ba41f4b7bce855ea95e6a366e7518ab1ef2d8bcbf1a86c0122e576694",
        "mods": [
          {
            "modId": "additionalpipes",
            "state": "Pre-initialized"
          }
        ]
      },
      {
        "signature": "sha256:c619f625eefe0117f60fa8e0fe57c76125c56c2d7f7b86659503d1c8634f328c",
        "mods": [
          {
            "modId": "ReactorCraft",
            "state": "Errored"
          }
        ]
      },
      {
        "signature": "sha256:88cdd0d6844ef8dcb0ded1930964f9b02e759c4abf866ed1674203f801dc8ae8",
        "mods": [
          {
            "modId": "NotEnoughItems",
            "state": "Pre-initialized"
          }
        ]
      },
      {
        "signature": "sha256:992319adaba0195845a9128f182ccdba157bf286d8ea06f9c246c7be97c9ae88",
        "mods": [
          {
            "modId": "BuildCraft|Compat",
            "state": "Pre-initialized"
          }
        ]
      },
      {
        "signature": "sha256:24852909ac9d66d3a86570209a1580e2902534197e03cda875f7f6a2558a09cf",
        "mods": [
          {
            "modId": "AdvancedRepulsionSystems",
            "state": "Pre-initialized"
          }
        ]
      },
      {
        "signature": "sha256:8c4ac78f5f66cbf8b9063175e5504dea7f53c50748083a1bf1595fdc91928e71",
        "mods": [
          {
            "modId": "ImmibisCore",
            "state": "Pre-initialized"
          }
        ]
      },
      {
        "signature": "sha256:aaac110f5946b5df84674c7b582438c358d65af8fb0e71d49afd60bdd46f52ef",
        "mods": [
          {
            "modId": "bcadditions",
            "state": "Pre-initialized"
          }
        ]
      },
      {
        "signature": "sha256:7135209ae9d41c778590bb77800d6596f438780b6e90f2eed7c31696063a53c0",
        "mods": [
          {
            "modId": "LiquidXP",
            "state": "Pre-initialized"
          }
        ]
      },
      {
        "signature": "sha256:9c51bd2dded486e6ddb3fdbb7550752f324f80eb25d6dcd4a7de761702b3dfe1",
        "mods": [
          {
            "modId": "ProjRed|Core",
            "state": "Pre-initialized"
          }
        ]
      }
    ],
    "timestamp": 1433011644398,
    "location": "crash_handler",
    "exception": {
      "stack": [
        {
          "class": "Reika.DragonAPI.Libraries.Java.ReikaReflectionHelper",
          "method": "createItemInstance",
          "file": "ReikaReflectionHelper.java",
          "line": 102,
          "signatures": [
            "sha256:764ea07563de8d558f15483a55685b4527ec98349e48b4cbe2e683d355eca81d"
          ]
        },
        {
          "class": "Reika.DragonAPI.Libraries.ReikaRegistryHelper",
          "method": "registerItem",
          "file": "ReikaRegistryHelper.java",
          "line": 103,
          "signatures": [
            "sha256:764ea07563de8d558f15483a55685b4527ec98349e48b4cbe2e683d355eca81d"
          ]
        },
        {
          "class": "Reika.DragonAPI.Libraries.ReikaRegistryHelper",
          "method": "instantiateAndRegisterItems",
          "file": "ReikaRegistryHelper.java",
          "line": 96,
          "signatures": [
            "sha256:764ea07563de8d558f15483a55685b4527ec98349e48b4cbe2e683d355eca81d"
          ]
        },
        {
          "class": "Reika.RotaryCraft.RotaryCraft",
          "method": "setupClassFiles",
          "file": "RotaryCraft.java",
          "line": 594,
          "signatures": [
            "sha256:587dcc3a230de9b8ac846aec07ea4e9dce0c85bcf8dbc6cbb0451bd436729089"
          ]
        },
        {
          "class": "Reika.RotaryCraft.RotaryCraft",
          "method": "preload",
          "file": "RotaryCraft.java",
          "line": 258,
          "signatures": [
            "sha256:587dcc3a230de9b8ac846aec07ea4e9dce0c85bcf8dbc6cbb0451bd436729089"
          ]
        },
        {
          "class": "sun.reflect.NativeMethodAccessorImpl",
          "method": "invoke0",
          "file": "NativeMethodAccessorImpl.java",
          "line": -2,
          "signatures": []
        },
        {
          "class": "sun.reflect.NativeMethodAccessorImpl",
          "method": "invoke",
          "file": "NativeMethodAccessorImpl.java",
          "line": 62,
          "signatures": []
        },
        {
          "class": "sun.reflect.DelegatingMethodAccessorImpl",
          "method": "invoke",
          "file": "DelegatingMethodAccessorImpl.java",
          "line": 43,
          "signatures": []
        },
        {
          "class": "java.lang.reflect.Method",
          "method": "invoke",
          "file": "Method.java",
          "line": 483,
          "signatures": []
        },
        {
          "class": "cpw.mods.fml.common.FMLModContainer",
          "method": "handleModStateEvent",
          "file": "FMLModContainer.java",
          "line": 513
        },
        {
          "class": "sun.reflect.GeneratedMethodAccessor3",
          "method": "invoke",
          "line": -1,
          "signatures": []
        },
        {
          "class": "sun.reflect.DelegatingMethodAccessorImpl",
          "method": "invoke",
          "file": "DelegatingMethodAccessorImpl.java",
          "line": 43,
          "signatures": []
        },
        {
          "class": "java.lang.reflect.Method",
          "method": "invoke",
          "file": "Method.java",
          "line": 483,
          "signatures": []
        },
        {
          "class": "com.google.common.eventbus.EventSubscriber",
          "method": "handleEvent",
          "file": "EventSubscriber.java",
          "line": 74,
          "signatures": []
        },
        {
          "class": "com.google.common.eventbus.SynchronizedEventSubscriber",
          "method": "handleEvent",
          "file": "SynchronizedEventSubscriber.java",
          "line": 47,
          "signatures": []
        },
        {
          "class": "com.google.common.eventbus.EventBus",
          "method": "dispatch",
          "file": "EventBus.java",
          "line": 322,
          "signatures": []
        },
        {
          "class": "com.google.common.eventbus.EventBus",
          "method": "dispatchQueuedEvents",
          "file": "EventBus.java",
          "line": 304,
          "signatures": []
        },
        {
          "class": "com.google.common.eventbus.EventBus",
          "method": "post",
          "file": "EventBus.java",
          "line": 275,
          "signatures": []
        },
        {
          "class": "cpw.mods.fml.common.LoadController",
          "method": "sendEventToModContainer",
          "file": "LoadController.java",
          "line": 208
        },
        {
          "class": "cpw.mods.fml.common.LoadController",
          "method": "propogateStateMessage",
          "file": "LoadController.java",
          "line": 187
        },
        {
          "class": "sun.reflect.NativeMethodAccessorImpl",
          "method": "invoke0",
          "file": "NativeMethodAccessorImpl.java",
          "line": -2,
          "signatures": []
        },
        {
          "class": "sun.reflect.NativeMethodAccessorImpl",
          "method": "invoke",
          "file": "NativeMethodAccessorImpl.java",
          "line": 62,
          "signatures": []
        },
        {
          "class": "sun.reflect.DelegatingMethodAccessorImpl",
          "method": "invoke",
          "file": "DelegatingMethodAccessorImpl.java",
          "line": 43,
          "signatures": []
        },
        {
          "class": "java.lang.reflect.Method",
          "method": "invoke",
          "file": "Method.java",
          "line": 483,
          "signatures": []
        },
        {
          "class": "com.google.common.eventbus.EventSubscriber",
          "method": "handleEvent",
          "file": "EventSubscriber.java",
          "line": 74,
          "signatures": []
        },
        {
          "class": "com.google.common.eventbus.SynchronizedEventSubscriber",
          "method": "handleEvent",
          "file": "SynchronizedEventSubscriber.java",
          "line": 47,
          "signatures": []
        },
        {
          "class": "com.google.common.eventbus.EventBus",
          "method": "dispatch",
          "file": "EventBus.java",
          "line": 322,
          "signatures": []
        },
        {
          "class": "com.google.common.eventbus.EventBus",
          "method": "dispatchQueuedEvents",
          "file": "EventBus.java",
          "line": 304,
          "signatures": []
        },
        {
          "class": "com.google.common.eventbus.EventBus",
          "method": "post",
          "file": "EventBus.java",
          "line": 275,
          "signatures": []
        },
        {
          "class": "cpw.mods.fml.common.LoadController",
          "method": "distributeStateMessage",
          "file": "LoadController.java",
          "line": 118
        },
        {
          "class": "cpw.mods.fml.common.Loader",
          "method": "preinitializeMods",
          "file": "Loader.java",
          "line": 513
        },
        {
          "class": "cpw.mods.fml.server.FMLServerHandler",
          "method": "beginServerLoading",
          "file": "FMLServerHandler.java",
          "line": 88
        },
        {
          "class": "cpw.mods.fml.common.FMLCommonHandler",
          "method": "onServerStart",
          "file": "FMLCommonHandler.java",
          "line": 314
        },
        {
          "class": "net.minecraft.server.dedicated.DedicatedServer",
          "method": "func_71197_b",
          "file": "DedicatedServer.java",
          "line": 117
        },
        {
          "class": "net.minecraft.server.MinecraftServer",
          "method": "run",
          "file": "MinecraftServer.java",
          "line": 387
        },
        {
          "class": "net.minecraft.server.MinecraftServer$2",
          "method": "run",
          "file": "MinecraftServer.java",
          "line": 685
        }
      ],
      "exception": "Reika.DragonAPI.Exception.RegistrationException",
      "message": "ROTARYCRAFT has a registration error:\nFailed to load FUEL due to a missing class: java.lang.NoClassDefFoundError: Reika/RotaryCraft/Base/TileEntity/TileEntityEngine\nContact Reika immediately!\nInclude the following information:"
    },
    "random": -187048646,
    "resolved": true,
    "branding": [
      "Minecraft 1.7.10",
      "MCP v9.05",
      "FML v7.10.85.1291",
      "Minecraft Forge 10.13.2.1291",
      "56 mods loaded, 56 mods active"
    ],
    "runtime": {
      "mcp": "MCP v9.05",
      "fml": "7.10.85.1291",
      "forge": "10.13.2.1291"
    },
    "minecraft": "Minecraft 1.7.10",
    "javaVersion": "Oracle Corporation 1.8.0_25",
    "side": "server",
    "obfuscated": true,
    "type": "crashlog"
  }
]