[
  {
    "signatures": [
      {
        "signature": "sha256:0d828049b0a5b297dc0f8a14364f17623f6b865fde87b0d3399ea4c406907f56",
        "filename": "MrTJPCore-1.7.10-1.0.5.11-universal.jar"
      },
      {
        "signature": "sha256:9c51bd2dded486e6ddb3fdbb7550752f324f80eb25d6dcd4a7de761702b3dfe1",
        "filename": "ProjectRed-1.7.10-4.5.13.65-Base.jar"
      },
      {
        "signature": "sha256:920de52efc2aae0472098ac264d5f01f04a1f4d1410e9113a3579a21158be345",
        "filename": "CodeChickenLib-1.7.10-1.1.1.110-universal.jar"
      },
      {
        "signature": "sha256:ebe7e5087829866f536e1add831028ef3a41af2455501eb0af5b440c1089769c",
        "filename": "ForgeMultipart-1.7.10-1.1.1.320-universal.jar"
      },
      {
        "signature": "sha256:6fc3544ba41f4b7bce855ea95e6a366e7518ab1ef2d8bcbf1a86c0122e576694",
        "filename": "additionalpipes-3.4.jar"
      },
      {
        "signature": "sha256:4aefd46a129ce721f5de377f97a0ec72197653031c975074ba7db006b13edbad",
        "filename": "logisticspipes-0.8.3.104.jar"
      },
      {
        "signature": "sha256:454d4a59e9352ddeb093106d9e09ab965bc8a4d9c4b95b17a2852cbb52b8534b",
        "filename": "ProjectRed-1.7.10-4.5.13.65-Integration.jar"
      },
      {
        "signature": "sha256:c023c00cd531887b45c8d2650559159510a192fc0f016f769b1cc492d8c47810",
        "filename": "[1.7.10]bspkrsCore-universal-6.16.jar"
      },
      {
        "signature": "sha256:1d021aa5310d7796b84bafdec0f1a93e927fa207feb92bd80567b08004da357a",
        "filename": "[1.7.10]StartingInventory-universal-1.7.10.r03.jar"
      },
      {
        "signature": "sha256:89a6bb554e44d3e29599b077d38da767b4880896132ab26d804e179f4bd7cd6b",
        "filename": "BuildCraft Utilities-1.7.10-1.2.0.jar"
      },
      {
        "signature": "sha256:5e1176890183f4e362928fe51f508ae12767a9e695083ce9137d8fc2400e6a26",
        "filename": "openccsensors-1.7.3.jar"
      },
      {
        "signature": "sha256:e3eb565c8471612f7e768ca119e8d90da987938328977b08b6302015625994e9",
        "filename": "ProjectE-1.7.10-PE1.2.0.jar"
      },
      {
        "signature": "sha256:920de52efc2aae0472098ac264d5f01f04a1f4d1410e9113a3579a21158be345",
        "filename": "CodeChickenLib-1.7.10-1.1.1.110-universal.jar"
      },
      {
        "signature": "sha256:dec6c5ccd79f004af6e5e8d60b15a8cae2a1d429d5cccc294a5c00cfb9e04c86",
        "filename": "buildcraft-6.4.0.jar"
      },
      {
        "signature": "sha256:2bb67c0cb58e983019d3b341cd5cffbe5b26acafd698c5b56dd50ad9eda8e77c",
        "filename": "CodeChickenCore-1.7.10-1.0.4.35-universal.jar"
      },
      {
        "signature": "sha256:ca93fceed2fc72f9ee394734083000ca2b6046feb3302b9eefcf542021c56d24",
        "filename": "ProjectRed-1.7.10-4.5.13.65-Compat.jar"
      },
      {
        "signature": "sha256:ff0c241d3963249c35a7eda5f2769bffd894587f82f07f097983bdfd2808556f",
        "filename": "Aroma1997s-Dimensional-World-1.7.10-1.1.0.1.jar"
      },
      {
        "signature": "sha256:88e1314554b9fb24356d6629b65512c0080c80ae98d9bb275ebdf299ab13241b",
        "filename": "[1.7.10]Treecapitator-universal-2.0.4.jar"
      },
      {
        "signature": "sha256:024b07299949580f456955d3b49d074dee206e4ab67726731be4b17b67e1de44",
        "filename": "ProjectRed-1.7.10-4.5.13.65-World.jar"
      },
      {
        "signature": "sha256:6895ef5ebe6f50bc5e114a843583aea725321d86f46adea39561e73774fade94",
        "filename": "Aroma1997Core-1.7.10-1.0.2.13.jar"
      },
      {
        "signature": "sha256:8772f727448b8c68785331ae051cb5d80ac6ade14b36646eed101f621356b1b1",
        "filename": "OpenEye-0.6-1.7.10.jar"
      },
      {
        "signature": "sha256:88cdd0d6844ef8dcb0ded1930964f9b02e759c4abf866ed1674203f801dc8ae8",
        "filename": "NotEnoughItems-1.7.10-1.0.4.90-universal.jar"
      },
      {
        "signature": "sha256:b0d5758c5c9bea894eccd74210cfc9d68eb1384806161d2394e726f1352defe1",
        "filename": "ComputerCraft1.73.jar"
      },
      {
        "signature": "sha256:9c91232a5bcebf8369631e9a6e8352956a854698f37ffc919e604fd046473658",
        "filename": "ForgeRelocation-1.7.10-0.0.1a.1-universal.jar"
      },
      {
        "signature": "sha256:aaac110f5946b5df84674c7b582438c358d65af8fb0e71d49afd60bdd46f52ef",
        "filename": "BuildcraftAdditions-1.7.10-2.0.1.jar"
      },
      {
        "signature": "sha256:a516d1509ea509a98aa267429fa74f4b73a65ecc0fedf1d8620dad4498db1fce",
        "filename": "forge-1.7.10-10.13.2.1291-universal.jar"
      },
      {
        "signature": "sha256:992319adaba0195845a9128f182ccdba157bf286d8ea06f9c246c7be97c9ae88",
        "filename": "buildcraft-compat-6.4.0.jar"
      },
      {
        "signature": "sha256:dc3ecc3e496efa38bff512e50ae53a0d88135ab3f4e4e047f56dd928fc52c8fe",
        "filename": "ProjectRed-1.7.10-4.5.13.65-Mechanical_beta.jar"
      },
      {
        "signature": "sha256:b9d2089cd4d8bc263cf1b775fd4664f7738f779d3ba66183c3b90f2160163fff",
        "filename": "industrialcraft-2-2.2.684-experimental.jar"
      },
      {
        "signature": "sha256:17efcebb25ce08365c530614a0bb7f5567bf1cd8be9c80706b829f800fc44938",
        "filename": "ForgeRelocationFMP-1.7.10-0.0.1a.1-universal.jar"
      },
      {
        "signature": "sha256:5f1b1cacdff557f9185573b436a88ec19f2126fe667f9e1c3b83124dd90d2ff7",
        "filename": "worldedit-forge-mc1.7.10-6.0-beta-01.jar"
      },
      {
        "signature": "sha256:b8ab46fcc99b7eaffa92da9afd2e50f3fdf39f7f0bd0799804bf7eb9a59f0995",
        "filename": "Eureka-1.7.10-2.2.jar"
      },
      {
        "signature": "sha256:a0250933fe8cc6a44eb098016d4dadaba7746a27efc3d5a7f4f4c9bf247cfe09",
        "filename": "ejml-0.23.jar"
      },
      {
        "signature": "sha256:27b12839340daea5650765a46e787f228a08c7e31256ce96518cbac16ddce9b1",
        "filename": "ProjectRed-1.7.10-4.5.13.65-Lighting.jar"
      },
      {
        "signature": "sha256:90806dd16cc7c4498e4d0b45b91a3172a0f7404265e4f6e725b61bc80bce892d",
        "filename": "appliedenergistics2-rv1-stable-1.jar"
      }
    ],
    "addedSignatures": [
      "sha256:920de52efc2aae0472098ac264d5f01f04a1f4d1410e9113a3579a21158be345",
      "sha256:88e1314554b9fb24356d6629b65512c0080c80ae98d9bb275ebdf299ab13241b",
      "sha256:5e1176890183f4e362928fe51f508ae12767a9e695083ce9137d8fc2400e6a26",
      "sha256:b0d5758c5c9bea894eccd74210cfc9d68eb1384806161d2394e726f1352defe1",
      "sha256:6fc3544ba41f4b7bce855ea95e6a366e7518ab1ef2d8bcbf1a86c0122e576694",
      "sha256:ca93fceed2fc72f9ee394734083000ca2b6046feb3302b9eefcf542021c56d24",
      "sha256:992319adaba0195845a9128f182ccdba157bf286d8ea06f9c246c7be97c9ae88",
      "sha256:dc3ecc3e496efa38bff512e50ae53a0d88135ab3f4e4e047f56dd928fc52c8fe",
      "sha256:0d828049b0a5b297dc0f8a14364f17623f6b865fde87b0d3399ea4c406907f56",
      "sha256:5f1b1cacdff557f9185573b436a88ec19f2126fe667f9e1c3b83124dd90d2ff7",
      "sha256:b9d2089cd4d8bc263cf1b775fd4664f7738f779d3ba66183c3b90f2160163fff",
      "sha256:88cdd0d6844ef8dcb0ded1930964f9b02e759c4abf866ed1674203f801dc8ae8",
      "sha256:27b12839340daea5650765a46e787f228a08c7e31256ce96518cbac16ddce9b1",
      "sha256:dec6c5ccd79f004af6e5e8d60b15a8cae2a1d429d5cccc294a5c00cfb9e04c86",
      "sha256:9c51bd2dded486e6ddb3fdbb7550752f324f80eb25d6dcd4a7de761702b3dfe1",
      "sha256:90806dd16cc7c4498e4d0b45b91a3172a0f7404265e4f6e725b61bc80bce892d",
      "sha256:024b07299949580f456955d3b49d074dee206e4ab67726731be4b17b67e1de44",
      "sha256:9c91232a5bcebf8369631e9a6e8352956a854698f37ffc919e604fd046473658",
      "sha256:b8ab46fcc99b7eaffa92da9afd2e50f3fdf39f7f0bd0799804bf7eb9a59f0995",
      "sha256:6895ef5ebe6f50bc5e114a843583aea725321d86f46adea39561e73774fade94",
      "sha256:17efcebb25ce08365c530614a0bb7f5567bf1cd8be9c80706b829f800fc44938",
      "sha256:a0250933fe8cc6a44eb098016d4dadaba7746a27efc3d5a7f4f4c9bf247cfe09",
      "sha256:4aefd46a129ce721f5de377f97a0ec72197653031c975074ba7db006b13edbad",
      "sha256:454d4a59e9352ddeb093106d9e09ab965bc8a4d9c4b95b17a2852cbb52b8534b",
      "sha256:8772f727448b8c68785331ae051cb5d80ac6ade14b36646eed101f621356b1b1",
      "sha256:c023c00cd531887b45c8d2650559159510a192fc0f016f769b1cc492d8c47810",
      "sha256:ebe7e5087829866f536e1add831028ef3a41af2455501eb0af5b440c1089769c",
      "sha256:aaac110f5946b5df84674c7b582438c358d65af8fb0e71d49afd60bdd46f52ef",
      "sha256:89a6bb554e44d3e29599b077d38da767b4880896132ab26d804e179f4bd7cd6b",
      "sha256:ff0c241d3963249c35a7eda5f2769bffd894587f82f07f097983bdfd2808556f",
      "sha256:a516d1509ea509a98aa267429fa74f4b73a65ecc0fedf1d8620dad4498db1fce",
      "sha256:2bb67c0cb58e983019d3b341cd5cffbe5b26acafd698c5b56dd50ad9eda8e77c",
      "sha256:e3eb565c8471612f7e768ca119e8d90da987938328977b08b6302015625994e9",
      "sha256:1d021aa5310d7796b84bafdec0f1a93e927fa207feb92bd80567b08004da357a"
    ],
    "removedSignatures": [],
    "workTime": 1045795.44,
    "language": "n/a",
    "locale": "de_DE",
    "timezone": "Europe/Berlin",
    "branding": [
      "Minecraft 1.7.10",
      "MCP v9.05",
      "FML v7.10.85.1291",
      "Minecraft Forge 10.13.2.1291",
      "45 mods loaded, 45 mods active"
    ],
    "runtime": {
      "mcp": "MCP v9.05",
      "fml": "7.10.85.1291",
      "forge": "10.13.2.1291"
    },
    "minecraft": "Minecraft 1.7.10",
    "javaVersion": "Oracle Corporation 1.8.0_25",
    "side": "server",
    "obfuscated": true,
    "type": "analytics"
  },
  {
    "states": [
      {
        "signature": "sha256:0d828049b0a5b297dc0f8a14364f17623f6b865fde87b0d3399ea4c406907f56",
        "mods": [
          {
            "modId": "MrTJPCoreMod",
            "state": "Available"
          }
        ]
      },
      {
        "signature": "sha256:9c51bd2dded486e6ddb3fdbb7550752f324f80eb25d6dcd4a7de761702b3dfe1",
        "mods": [
          {
            "modId": "ProjRed|Core",
            "state": "Available"
          }
        ]
      },
      {
        "signature": "sha256:920de52efc2aae0472098ac264d5f01f04a1f4d1410e9113a3579a21158be345",
        "mods": []
      },
      {
        "signature": "sha256:ebe7e5087829866f536e1add831028ef3a41af2455501eb0af5b440c1089769c",
        "mods": [
          {
            "modId": "McMultipart",
            "state": "Available"
          },
          {
            "modId": "ForgeMultipart",
            "state": "Available"
          },
          {
            "modId": "ForgeMicroblock",
            "state": "Available"
          }
        ]
      },
      {
        "signature": "sha256:6fc3544ba41f4b7bce855ea95e6a366e7518ab1ef2d8bcbf1a86c0122e576694",
        "mods": [
          {
            "modId": "additionalpipes",
            "state": "Available"
          }
        ]
      },
      {
        "signature": "sha256:4aefd46a129ce721f5de377f97a0ec72197653031c975074ba7db006b13edbad",
        "mods": [
          {
            "modId": "LogisticsPipes",
            "state": "Available"
          }
        ]
      },
      {
        "signature": "sha256:454d4a59e9352ddeb093106d9e09ab965bc8a4d9c4b95b17a2852cbb52b8534b",
        "mods": [
          {
            "modId": "ProjRed|Integration",
            "state": "Available"
          },
          {
            "modId": "ProjRed|Transmission",
            "state": "Available"
          }
        ]
      },
      {
        "signature": "sha256:c023c00cd531887b45c8d2650559159510a192fc0f016f769b1cc492d8c47810",
        "mods": [
          {
            "modId": "bspkrsCore",
            "state": "Available"
          }
        ]
      },
      {
        "signature": "sha256:1d021aa5310d7796b84bafdec0f1a93e927fa207feb92bd80567b08004da357a",
        "mods": [
          {
            "modId": "StartingInventory",
            "state": "Available"
          }
        ]
      },
      {
        "signature": "sha256:89a6bb554e44d3e29599b077d38da767b4880896132ab26d804e179f4bd7cd6b",
        "mods": [
          {
            "modId": "buildcraftutils",
            "state": "Available"
          }
        ]
      },
      {
        "signature": "sha256:5e1176890183f4e362928fe51f508ae12767a9e695083ce9137d8fc2400e6a26",
        "mods": [
          {
            "modId": "OCS",
            "state": "Available"
          }
        ]
      },
      {
        "signature": "sha256:0ee5c4f6d83bec72dcb073f8f4cdce62385101d829874ae65e73538c8f9c4de0",
        "mods": [
          {
            "modId": "ironchestminecarts",
            "state": "Available"
          }
        ]
      },
      {
        "signature": "sha256:e3eb565c8471612f7e768ca119e8d90da987938328977b08b6302015625994e9",
        "mods": [
          {
            "modId": "ProjectE",
            "state": "Available"
          }
        ]
      },
      {
        "signature": "sha256:920de52efc2aae0472098ac264d5f01f04a1f4d1410e9113a3579a21158be345",
        "mods": []
      },
      {
        "signature": "sha256:fa3cb88b2b15cd9eec9479ce3d39441d7087beac9e3dc2fd5d9ea69050166c84",
        "mods": [
          {
            "modId": "IronChest",
            "state": "Available"
          }
        ]
      },
      {
        "signature": "sha256:dec6c5ccd79f004af6e5e8d60b15a8cae2a1d429d5cccc294a5c00cfb9e04c86",
        "mods": [
          {
            "modId": "BuildCraft|Core",
            "state": "Available"
          },
          {
            "modId": "BuildCraft|Silicon",
            "state": "Available"
          },
          {
            "modId": "BuildCraft|Transport",
            "state": "Available"
          },
          {
            "modId": "BuildCraft|Energy",
            "state": "Available"
          },
          {
            "modId": "BuildCraft|Builders",
            "state": "Available"
          },
          {
            "modId": "BuildCraft|Factory",
            "state": "Available"
          }
        ]
      },
      {
        "signature": "sha256:2bb67c0cb58e983019d3b341cd5cffbe5b26acafd698c5b56dd50ad9eda8e77c",
        "mods": []
      },
      {
        "signature": "sha256:ca93fceed2fc72f9ee394734083000ca2b6046feb3302b9eefcf542021c56d24",
        "mods": [
          {
            "modId": "ProjRed|Compatibility",
            "state": "Available"
          }
        ]
      },
      {
        "signature": "sha256:ff0c241d3963249c35a7eda5f2769bffd894587f82f07f097983bdfd2808556f",
        "mods": [
          {
            "modId": "Aroma1997sDimension",
            "state": "Available"
          }
        ]
      },
      {
        "signature": "sha256:88e1314554b9fb24356d6629b65512c0080c80ae98d9bb275ebdf299ab13241b",
        "mods": [
          {
            "modId": "Treecapitator",
            "state": "Available"
          }
        ]
      },
      {
        "signature": "sha256:024b07299949580f456955d3b49d074dee206e4ab67726731be4b17b67e1de44",
        "mods": [
          {
            "modId": "ProjRed|Exploration",
            "state": "Available"
          }
        ]
      },
      {
        "signature": "sha256:6895ef5ebe6f50bc5e114a843583aea725321d86f46adea39561e73774fade94",
        "mods": [
          {
            "modId": "Aroma1997Core",
            "state": "Available"
          },
          {
            "modId": "Aroma1997CoreHelper",
            "state": "Available"
          }
        ]
      },
      {
        "signature": "sha256:8772f727448b8c68785331ae051cb5d80ac6ade14b36646eed101f621356b1b1",
        "mods": [
          {
            "modId": "OpenEye",
            "state": "Available"
          }
        ]
      },
      {
        "signature": "sha256:88cdd0d6844ef8dcb0ded1930964f9b02e759c4abf866ed1674203f801dc8ae8",
        "mods": [
          {
            "modId": "NotEnoughItems",
            "state": "Available"
          }
        ]
      },
      {
        "signature": "sha256:b0d5758c5c9bea894eccd74210cfc9d68eb1384806161d2394e726f1352defe1",
        "mods": [
          {
            "modId": "ComputerCraft",
            "state": "Available"
          }
        ]
      },
      {
        "signature": "sha256:9c91232a5bcebf8369631e9a6e8352956a854698f37ffc919e604fd046473658",
        "mods": [
          {
            "modId": "ForgeRelocation",
            "state": "Available"
          }
        ]
      },
      {
        "signature": "sha256:aaac110f5946b5df84674c7b582438c358d65af8fb0e71d49afd60bdd46f52ef",
        "mods": [
          {
            "modId": "bcadditions",
            "state": "Available"
          }
        ]
      },
      {
        "signature": "sha256:a516d1509ea509a98aa267429fa74f4b73a65ecc0fedf1d8620dad4498db1fce",
        "mods": [
          {
            "modId": "FML",
            "state": "Available"
          },
          {
            "modId": "Forge",
            "state": "Available"
          }
        ]
      },
      {
        "signature": "sha256:992319adaba0195845a9128f182ccdba157bf286d8ea06f9c246c7be97c9ae88",
        "mods": [
          {
            "modId": "BuildCraft|Compat",
            "state": "Available"
          }
        ]
      },
      {
        "signature": "sha256:dc3ecc3e496efa38bff512e50ae53a0d88135ab3f4e4e047f56dd928fc52c8fe",
        "mods": [
          {
            "modId": "ProjRed|Expansion",
            "state": "Available"
          },
          {
            "modId": "ProjRed|Transportation",
            "state": "Available"
          }
        ]
      },
      {
        "signature": "sha256:b9d2089cd4d8bc263cf1b775fd4664f7738f779d3ba66183c3b90f2160163fff",
        "mods": [
          {
            "modId": "IC2",
            "state": "Available"
          }
        ]
      },
      {
        "signature": "sha256:17efcebb25ce08365c530614a0bb7f5567bf1cd8be9c80706b829f800fc44938",
        "mods": [
          {
            "modId": "RelocationFMP",
            "state": "Available"
          }
        ]
      },
      {
        "signature": "sha256:5f1b1cacdff557f9185573b436a88ec19f2126fe667f9e1c3b83124dd90d2ff7",
        "mods": [
          {
            "modId": "worldedit",
            "state": "Available"
          }
        ]
      },
      {
        "signature": "sha256:b8ab46fcc99b7eaffa92da9afd2e50f3fdf39f7f0bd0799804bf7eb9a59f0995",
        "mods": [
          {
            "modId": "eureka",
            "state": "Available"
          }
        ]
      },
      {
        "signature": "sha256:a0250933fe8cc6a44eb098016d4dadaba7746a27efc3d5a7f4f4c9bf247cfe09",
        "mods": []
      },
      {
        "signature": "sha256:27b12839340daea5650765a46e787f228a08c7e31256ce96518cbac16ddce9b1",
        "mods": [
          {
            "modId": "ProjRed|Illumination",
            "state": "Available"
          }
        ]
      },
      {
        "signature": "sha256:90806dd16cc7c4498e4d0b45b91a3172a0f7404265e4f6e725b61bc80bce892d",
        "mods": [
          {
            "modId": "appliedenergistics2",
            "state": "Available"
          }
        ]
      }
    ],
    "timestamp": 1425584679374,
    "location": "crash_handler",
    "exception": {
      "stack": [
        {
          "class": "cpw.mods.ironchest.TileEntityIronChest",
          "method": "func_145845_h",
          "file": "TileEntityIronChest.java",
          "line": 282,
          "signatures": [
            "sha256:fa3cb88b2b15cd9eec9479ce3d39441d7087beac9e3dc2fd5d9ea69050166c84"
          ]
        },
        {
          "class": "net.minecraft.world.World",
          "method": "func_72939_s",
          "file": "World.java",
          "line": 1939
        },
        {
          "class": "net.minecraft.world.WorldServer",
          "method": "func_72939_s",
          "file": "WorldServer.java",
          "line": 489
        },
        {
          "class": "net.minecraft.server.MinecraftServer",
          "method": "func_71190_q",
          "file": "MinecraftServer.java",
          "line": 636
        },
        {
          "class": "net.minecraft.server.dedicated.DedicatedServer",
          "method": "func_71190_q",
          "file": "DedicatedServer.java",
          "line": 334
        },
        {
          "class": "net.minecraft.server.MinecraftServer",
          "method": "func_71217_p",
          "file": "MinecraftServer.java",
          "line": 547
        },
        {
          "class": "net.minecraft.server.MinecraftServer",
          "method": "run",
          "file": "MinecraftServer.java",
          "line": 427
        },
        {
          "class": "net.minecraft.server.MinecraftServer$2",
          "method": "run",
          "file": "MinecraftServer.java",
          "line": 685
        }
      ],
      "exception": "java.lang.NoSuchMethodError",
      "message": "net.minecraft.util.AxisAlignedBB.func_72332_a()Lnet/minecraft/util/AABBPool;"
    },
    "random": 432935126,
    "resolved": true,
    "branding": [
      "Minecraft 1.7.10",
      "MCP v9.05",
      "FML v7.10.85.1291",
      "Minecraft Forge 10.13.2.1291",
      "47 mods loaded, 47 mods active"
    ],
    "runtime": {
      "mcp": "MCP v9.05",
      "fml": "7.10.85.1291",
      "forge": "10.13.2.1291"
    },
    "minecraft": "Minecraft 1.7.10",
    "javaVersion": "Oracle Corporation 1.8.0_25",
    "side": "server",
    "obfuscated": true,
    "type": "crashlog"
  }
]