[
  {
    "signatures": [
      {
        "signature": "sha256:aaac110f5946b5df84674c7b582438c358d65af8fb0e71d49afd60bdd46f52ef",
        "filename": "BuildcraftAdditions-1.7.10-2.0.1.jar"
      },
      {
        "signature": "sha256:88cdd0d6844ef8dcb0ded1930964f9b02e759c4abf866ed1674203f801dc8ae8",
        "filename": "NotEnoughItems-1.7.10-1.0.4.90-universal.jar"
      },
      {
        "signature": "sha256:dec6c5ccd79f004af6e5e8d60b15a8cae2a1d429d5cccc294a5c00cfb9e04c86",
        "filename": "buildcraft-6.4.0.jar"
      },
      {
        "signature": "sha256:b0d5758c5c9bea894eccd74210cfc9d68eb1384806161d2394e726f1352defe1",
        "filename": "ComputerCraft1.73.jar"
      },
      {
        "signature": "sha256:d0e2fe70d9c38f6c1863b5842b40742f0650d70492e9eb01ffc3a0f5d4c7050c",
        "filename": "CodeChickenLib-1.7.10-1.1.1.99-universal.jar"
      },
      {
        "signature": "sha256:89a6bb554e44d3e29599b077d38da767b4880896132ab26d804e179f4bd7cd6b",
        "filename": "BuildCraft Utilities-1.7.10-1.2.0.jar"
      },
      {
        "signature": "sha256:88e1314554b9fb24356d6629b65512c0080c80ae98d9bb275ebdf299ab13241b",
        "filename": "[1.7.10]Treecapitator-universal-2.0.4.jar"
      },
      {
        "signature": "sha256:1d021aa5310d7796b84bafdec0f1a93e927fa207feb92bd80567b08004da357a",
        "filename": "[1.7.10]StartingInventory-universal-1.7.10.r03.jar"
      },
      {
        "signature": "sha256:6fc3544ba41f4b7bce855ea95e6a366e7518ab1ef2d8bcbf1a86c0122e576694",
        "filename": "additionalpipes-3.4.jar"
      },
      {
        "signature": "sha256:a516d1509ea509a98aa267429fa74f4b73a65ecc0fedf1d8620dad4498db1fce",
        "filename": "forge-1.7.10-10.13.2.1291-universal.jar"
      },
      {
        "signature": "sha256:b9d2089cd4d8bc263cf1b775fd4664f7738f779d3ba66183c3b90f2160163fff",
        "filename": "industrialcraft-2-2.2.684-experimental.jar"
      },
      {
        "signature": "sha256:5e1176890183f4e362928fe51f508ae12767a9e695083ce9137d8fc2400e6a26",
        "filename": "openccsensors-1.7.3.jar"
      },
      {
        "signature": "sha256:992319adaba0195845a9128f182ccdba157bf286d8ea06f9c246c7be97c9ae88",
        "filename": "buildcraft-compat-6.4.0.jar"
      },
      {
        "signature": "sha256:e3eb565c8471612f7e768ca119e8d90da987938328977b08b6302015625994e9",
        "filename": "ProjectE-1.7.10-PE1.2.0.jar"
      },
      {
        "signature": "sha256:4aefd46a129ce721f5de377f97a0ec72197653031c975074ba7db006b13edbad",
        "filename": "logisticspipes-0.8.3.104.jar"
      },
      {
        "signature": "sha256:d0e2fe70d9c38f6c1863b5842b40742f0650d70492e9eb01ffc3a0f5d4c7050c",
        "filename": "CodeChickenLib-1.7.10-1.1.1.99-universal.jar"
      },
      {
        "signature": "sha256:8772f727448b8c68785331ae051cb5d80ac6ade14b36646eed101f621356b1b1",
        "filename": "OpenEye-0.6-1.7.10.jar"
      },
      {
        "signature": "sha256:2bb67c0cb58e983019d3b341cd5cffbe5b26acafd698c5b56dd50ad9eda8e77c",
        "filename": "CodeChickenCore-1.7.10-1.0.4.35-universal.jar"
      },
      {
        "signature": "sha256:c023c00cd531887b45c8d2650559159510a192fc0f016f769b1cc492d8c47810",
        "filename": "[1.7.10]bspkrsCore-universal-6.16.jar"
      },
      {
        "signature": "sha256:90806dd16cc7c4498e4d0b45b91a3172a0f7404265e4f6e725b61bc80bce892d",
        "filename": "appliedenergistics2-rv1-stable-1.jar"
      },
      {
        "signature": "sha256:a0250933fe8cc6a44eb098016d4dadaba7746a27efc3d5a7f4f4c9bf247cfe09",
        "filename": "ejml-0.23.jar"
      },
      {
        "signature": "sha256:b8ab46fcc99b7eaffa92da9afd2e50f3fdf39f7f0bd0799804bf7eb9a59f0995",
        "filename": "Eureka-1.7.10-2.2.jar"
      },
      {
        "signature": "sha256:a6369fe4d93a5a6300ac8eb21dc907adbf06fb1673a137adb139bee4f566e5a2",
        "filename": "EquivalentExchange3-1.7.10-0.2.433.jar"
      }
    ],
    "addedSignatures": [
      "sha256:88cdd0d6844ef8dcb0ded1930964f9b02e759c4abf866ed1674203f801dc8ae8",
      "sha256:dec6c5ccd79f004af6e5e8d60b15a8cae2a1d429d5cccc294a5c00cfb9e04c86",
      "sha256:88e1314554b9fb24356d6629b65512c0080c80ae98d9bb275ebdf299ab13241b",
      "sha256:90806dd16cc7c4498e4d0b45b91a3172a0f7404265e4f6e725b61bc80bce892d",
      "sha256:5e1176890183f4e362928fe51f508ae12767a9e695083ce9137d8fc2400e6a26",
      "sha256:b0d5758c5c9bea894eccd74210cfc9d68eb1384806161d2394e726f1352defe1",
      "sha256:b8ab46fcc99b7eaffa92da9afd2e50f3fdf39f7f0bd0799804bf7eb9a59f0995",
      "sha256:d0e2fe70d9c38f6c1863b5842b40742f0650d70492e9eb01ffc3a0f5d4c7050c",
      "sha256:a0250933fe8cc6a44eb098016d4dadaba7746a27efc3d5a7f4f4c9bf247cfe09",
      "sha256:6fc3544ba41f4b7bce855ea95e6a366e7518ab1ef2d8bcbf1a86c0122e576694",
      "sha256:4aefd46a129ce721f5de377f97a0ec72197653031c975074ba7db006b13edbad",
      "sha256:8772f727448b8c68785331ae051cb5d80ac6ade14b36646eed101f621356b1b1",
      "sha256:c023c00cd531887b45c8d2650559159510a192fc0f016f769b1cc492d8c47810",
      "sha256:aaac110f5946b5df84674c7b582438c358d65af8fb0e71d49afd60bdd46f52ef",
      "sha256:89a6bb554e44d3e29599b077d38da767b4880896132ab26d804e179f4bd7cd6b",
      "sha256:992319adaba0195845a9128f182ccdba157bf286d8ea06f9c246c7be97c9ae88",
      "sha256:a516d1509ea509a98aa267429fa74f4b73a65ecc0fedf1d8620dad4498db1fce",
      "sha256:2bb67c0cb58e983019d3b341cd5cffbe5b26acafd698c5b56dd50ad9eda8e77c",
      "sha256:a6369fe4d93a5a6300ac8eb21dc907adbf06fb1673a137adb139bee4f566e5a2",
      "sha256:b9d2089cd4d8bc263cf1b775fd4664f7738f779d3ba66183c3b90f2160163fff",
      "sha256:e3eb565c8471612f7e768ca119e8d90da987938328977b08b6302015625994e9",
      "sha256:1d021aa5310d7796b84bafdec0f1a93e927fa207feb92bd80567b08004da357a"
    ],
    "removedSignatures": [],
    "workTime": 252619.98,
    "language": "n/a",
    "locale": "de_DE",
    "timezone": "Europe/Berlin",
    "branding": [
      "Minecraft 1.7.10",
      "MCP v9.05",
      "FML v7.10.85.1291",
      "Minecraft Forge 10.13.2.1291",
      "28 mods loaded, 28 mods active"
    ],
    "runtime": {
      "mcp": "MCP v9.05",
      "fml": "7.10.85.1291",
      "forge": "10.13.2.1291"
    },
    "minecraft": "Minecraft 1.7.10",
    "javaVersion": "Oracle Corporation 1.8.0_40-ea",
    "side": "server",
    "obfuscated": true,
    "type": "analytics"
  }
]