{"stat.craftItem.69":1,"stat.craftItem.102":16,"stat.useItem.359":2,"stat.craftItem.61":6,"stat.craftItem.67":60,"stat.leaveGame":30,"dark_matter":2,"stat.mineBlock.14":16,"stat.mineBlock.13":231,"stat.mineBlock.16":610,"stat.mineBlock.15":180,"stat.mineBlock.18":426,"stat.craftItem.331":603,"stat.mineBlock.17":38,"stat.swimOneCm":15355,"achievement.buildWorkBench":3,"stat.craftItem.324":1,"achievement.exploreAllBiomes":{"value":0,"progress":["Savanna Plateau","River","Desert","Mining Biome","Savanna"]},"stat.mineBlock.12":64,"ic2.buildElecFurnace":1,"stat.mineBlock.4":34,"achievement.diamonds":28,"stat.mineBlock.3":306,"stat.mineBlock.1":1834,"stat.craftItem.359":1,"stat.flyOneCm":35379,"achievement.buildPickaxe":26,"stat.craftItem.98":4,"achievement.buildBetterPickaxe":26,"achievement.woodenGear":1,"ic2.mineOre":376,"red_matter":2,"stat.craftItem.20":6,"stat.mineBlock.175":3,"ic2.acquireRefinedIron":11,"stat.useItem.324":1,"achievement.buildSword":2,"achievement.mineWood":86,"stat.breakItem.274":1,"achievement.openInventory":343,"stat.breakItem.273":1,"stat.craftItem.42":24,"stat.breakItem.275":1,"stat.mineBlock.161":720,"stat.mineBlock.162":75,"stat.craftItem.46":2,"stat.craftItem.313":1,"achievement.killEnemy":3,"achievement.buildFurnace":6,"stat.craftItem.58":2,"stat.deaths":1,"stat.drop":28,"stat.craftItem.310":1,"stat.craftItem.311":1,"stat.craftItem.312":1,"stat.playOneMinute":1259481,"stat.craftItem.50":288,"stat.killEntity.Sheep":1,"stat.craftItem.57":5,"stat.craftItem.54":7,"stat.killEntity.Zombie":3,"stat.craftItem.306":1,"stat.craftItem.307":1,"stat.diveOneCm":9312,"stat.craftItem.308":1,"stat.craftItem.309":1,"stat.useItem.67":64,"stat.useItem.61":6,"achievement.buildHoe":2,"stat.breakItem.256":1,"stat.breakItem.257":8,"ic2.buildCable":56,"ic2.buildMacerator":1,"stat.mineBlock.86":3,"stat.useItem.69":1,"stat.jump":1661,"stat.fallOneCm":6977,"stat.craftItem.293":1,"stat.craftItem.1":15,"stat.useItem.42":1,"stat.craftItem.5":120,"stat.damageTaken":2320,"stat.mineBlock.61":4,"stat.mineBlock.67":6,"stat.useItem.54":5,"ic2.buildBatBox":1,"stat.useItem.50":416,"stat.entityKilledBy.Zombie":1,"stat.damageDealt":7390,"stat.killEntity.Cow":21,"stat.mineBlock.73":178,"stat.killEntity.Pig":22,"stat.useItem.58":2,"stat.useItem.274":132,"stat.useItem.273":131,"stat.craftItem.263":26,"stat.useItem.276":59,"stat.mineBlock.49":1,"stat.useItem.275":47,"stat.craftItem.264":9,"stat.mineBlock.48":4,"stat.walkOneCm":1772115,"stat.craftItem.265":98,"stat.useItem.278":1249,"stat.useItem.277":57,"stat.useItem.279":2,"ic2.buildGenerator":1,"stat.craftItem.258":1,"stat.craftItem.259":2,"stat.craftItem.256":2,"stat.craftItem.257":9,"stat.mineBlock.50":27,"stat.mineBlock.54":2,"stat.mineBlock.56":31,"stat.killEntity.Skeleton":1,"stat.useItem.256":398,"stat.useItem.258":1,"stat.useItem.257":2081,"stat.killEntity.Chicken":2,"stat.craftItem.280":116,"stat.mobKills":51,"stat.mineBlock.21":11,"stat.craftItem.152":61,"stat.mineBlock.38":1,"stat.craftItem.274":1,"stat.mineBlock.37":1,"achievement.acquireIron":12,"stat.craftItem.276":1,"stat.craftItem.277":1,"stat.craftItem.278":3,"stat.craftItem.279":1,"stat.useItem.1":21,"stat.useItem.4":396,"stat.useItem.3":23,"stat.useItem.13":3,"stat.mineBlock.31":152,"stat.useItem.272":174}