[
  {
    "signatures": [
      {
        "signature": "sha256:aaac110f5946b5df84674c7b582438c358d65af8fb0e71d49afd60bdd46f52ef",
        "filename": "BuildcraftAdditions-1.7.10-2.0.1.jar"
      },
      {
        "signature": "sha256:88cdd0d6844ef8dcb0ded1930964f9b02e759c4abf866ed1674203f801dc8ae8",
        "filename": "NotEnoughItems-1.7.10-1.0.4.90-universal.jar"
      },
      {
        "signature": "sha256:dec6c5ccd79f004af6e5e8d60b15a8cae2a1d429d5cccc294a5c00cfb9e04c86",
        "filename": "buildcraft-6.4.0.jar"
      },
      {
        "signature": "sha256:b0d5758c5c9bea894eccd74210cfc9d68eb1384806161d2394e726f1352defe1",
        "filename": "ComputerCraft1.73.jar"
      },
      {
        "signature": "sha256:d0e2fe70d9c38f6c1863b5842b40742f0650d70492e9eb01ffc3a0f5d4c7050c",
        "filename": "CodeChickenLib-1.7.10-1.1.1.99-universal.jar"
      },
      {
        "signature": "sha256:89a6bb554e44d3e29599b077d38da767b4880896132ab26d804e179f4bd7cd6b",
        "filename": "BuildCraft Utilities-1.7.10-1.2.0.jar"
      },
      {
        "signature": "sha256:88e1314554b9fb24356d6629b65512c0080c80ae98d9bb275ebdf299ab13241b",
        "filename": "[1.7.10]Treecapitator-universal-2.0.4.jar"
      },
      {
        "signature": "sha256:1d021aa5310d7796b84bafdec0f1a93e927fa207feb92bd80567b08004da357a",
        "filename": "[1.7.10]StartingInventory-universal-1.7.10.r03.jar"
      },
      {
        "signature": "sha256:6fc3544ba41f4b7bce855ea95e6a366e7518ab1ef2d8bcbf1a86c0122e576694",
        "filename": "additionalpipes-3.4.jar"
      },
      {
        "signature": "sha256:a516d1509ea509a98aa267429fa74f4b73a65ecc0fedf1d8620dad4498db1fce",
        "filename": "forge-1.7.10-10.13.2.1291-universal.jar"
      },
      {
        "signature": "sha256:b9d2089cd4d8bc263cf1b775fd4664f7738f779d3ba66183c3b90f2160163fff",
        "filename": "industrialcraft-2-2.2.684-experimental.jar"
      },
      {
        "signature": "sha256:5e1176890183f4e362928fe51f508ae12767a9e695083ce9137d8fc2400e6a26",
        "filename": "openccsensors-1.7.3.jar"
      },
      {
        "signature": "sha256:992319adaba0195845a9128f182ccdba157bf286d8ea06f9c246c7be97c9ae88",
        "filename": "buildcraft-compat-6.4.0.jar"
      },
      {
        "signature": "sha256:e3eb565c8471612f7e768ca119e8d90da987938328977b08b6302015625994e9",
        "filename": "ProjectE-1.7.10-PE1.2.0.jar"
      },
      {
        "signature": "sha256:4aefd46a129ce721f5de377f97a0ec72197653031c975074ba7db006b13edbad",
        "filename": "logisticspipes-0.8.3.104.jar"
      },
      {
        "signature": "sha256:d0e2fe70d9c38f6c1863b5842b40742f0650d70492e9eb01ffc3a0f5d4c7050c",
        "filename": "CodeChickenLib-1.7.10-1.1.1.99-universal.jar"
      },
      {
        "signature": "sha256:8772f727448b8c68785331ae051cb5d80ac6ade14b36646eed101f621356b1b1",
        "filename": "OpenEye-0.6-1.7.10.jar"
      },
      {
        "signature": "sha256:2bb67c0cb58e983019d3b341cd5cffbe5b26acafd698c5b56dd50ad9eda8e77c",
        "filename": "CodeChickenCore-1.7.10-1.0.4.35-universal.jar"
      },
      {
        "signature": "sha256:c023c00cd531887b45c8d2650559159510a192fc0f016f769b1cc492d8c47810",
        "filename": "[1.7.10]bspkrsCore-universal-6.16.jar"
      },
      {
        "signature": "sha256:90806dd16cc7c4498e4d0b45b91a3172a0f7404265e4f6e725b61bc80bce892d",
        "filename": "appliedenergistics2-rv1-stable-1.jar"
      },
      {
        "signature": "sha256:a0250933fe8cc6a44eb098016d4dadaba7746a27efc3d5a7f4f4c9bf247cfe09",
        "filename": "ejml-0.23.jar"
      },
      {
        "signature": "sha256:b8ab46fcc99b7eaffa92da9afd2e50f3fdf39f7f0bd0799804bf7eb9a59f0995",
        "filename": "Eureka-1.7.10-2.2.jar"
      }
    ],
    "addedSignatures": [
      "sha256:88cdd0d6844ef8dcb0ded1930964f9b02e759c4abf866ed1674203f801dc8ae8",
      "sha256:dec6c5ccd79f004af6e5e8d60b15a8cae2a1d429d5cccc294a5c00cfb9e04c86",
      "sha256:88e1314554b9fb24356d6629b65512c0080c80ae98d9bb275ebdf299ab13241b",
      "sha256:90806dd16cc7c4498e4d0b45b91a3172a0f7404265e4f6e725b61bc80bce892d",
      "sha256:5e1176890183f4e362928fe51f508ae12767a9e695083ce9137d8fc2400e6a26",
      "sha256:b0d5758c5c9bea894eccd74210cfc9d68eb1384806161d2394e726f1352defe1",
      "sha256:b8ab46fcc99b7eaffa92da9afd2e50f3fdf39f7f0bd0799804bf7eb9a59f0995",
      "sha256:d0e2fe70d9c38f6c1863b5842b40742f0650d70492e9eb01ffc3a0f5d4c7050c",
      "sha256:a0250933fe8cc6a44eb098016d4dadaba7746a27efc3d5a7f4f4c9bf247cfe09",
      "sha256:6fc3544ba41f4b7bce855ea95e6a366e7518ab1ef2d8bcbf1a86c0122e576694",
      "sha256:4aefd46a129ce721f5de377f97a0ec72197653031c975074ba7db006b13edbad",
      "sha256:8772f727448b8c68785331ae051cb5d80ac6ade14b36646eed101f621356b1b1",
      "sha256:c023c00cd531887b45c8d2650559159510a192fc0f016f769b1cc492d8c47810",
      "sha256:aaac110f5946b5df84674c7b582438c358d65af8fb0e71d49afd60bdd46f52ef",
      "sha256:89a6bb554e44d3e29599b077d38da767b4880896132ab26d804e179f4bd7cd6b",
      "sha256:992319adaba0195845a9128f182ccdba157bf286d8ea06f9c246c7be97c9ae88",
      "sha256:a516d1509ea509a98aa267429fa74f4b73a65ecc0fedf1d8620dad4498db1fce",
      "sha256:2bb67c0cb58e983019d3b341cd5cffbe5b26acafd698c5b56dd50ad9eda8e77c",
      "sha256:b9d2089cd4d8bc263cf1b775fd4664f7738f779d3ba66183c3b90f2160163fff",
      "sha256:e3eb565c8471612f7e768ca119e8d90da987938328977b08b6302015625994e9",
      "sha256:1d021aa5310d7796b84bafdec0f1a93e927fa207feb92bd80567b08004da357a"
    ],
    "removedSignatures": [],
    "workTime": 229718.02,
    "language": "n/a",
    "locale": "de_DE",
    "timezone": "Europe/Berlin",
    "branding": [
      "Minecraft 1.7.10",
      "MCP v9.05",
      "FML v7.10.85.1291",
      "Minecraft Forge 10.13.2.1291",
      "27 mods loaded, 27 mods active"
    ],
    "runtime": {
      "mcp": "MCP v9.05",
      "fml": "7.10.85.1291",
      "forge": "10.13.2.1291"
    },
    "minecraft": "Minecraft 1.7.10",
    "javaVersion": "Oracle Corporation 1.8.0_31",
    "side": "server",
    "obfuscated": true,
    "type": "analytics"
  },
  {
    "states": [
      {
        "signature": "sha256:aaac110f5946b5df84674c7b582438c358d65af8fb0e71d49afd60bdd46f52ef",
        "mods": [
          {
            "modId": "bcadditions",
            "state": "Constructed"
          }
        ]
      },
      {
        "signature": "sha256:88cdd0d6844ef8dcb0ded1930964f9b02e759c4abf866ed1674203f801dc8ae8",
        "mods": [
          {
            "modId": "NotEnoughItems",
            "state": "Constructed"
          }
        ]
      },
      {
        "signature": "sha256:dec6c5ccd79f004af6e5e8d60b15a8cae2a1d429d5cccc294a5c00cfb9e04c86",
        "mods": [
          {
            "modId": "BuildCraft|Core",
            "state": "Constructed"
          },
          {
            "modId": "BuildCraft|Silicon",
            "state": "Constructed"
          },
          {
            "modId": "BuildCraft|Transport",
            "state": "Constructed"
          },
          {
            "modId": "BuildCraft|Energy",
            "state": "Constructed"
          },
          {
            "modId": "BuildCraft|Builders",
            "state": "Constructed"
          },
          {
            "modId": "BuildCraft|Factory",
            "state": "Constructed"
          }
        ]
      },
      {
        "signature": "sha256:0170f9b27f639eeb75ece3dbffd3be40e940e915b25ced61c9b6b1fabed8878a",
        "mods": [
          {
            "modId": "thebombzenapi",
            "state": "Constructed"
          }
        ]
      },
      {
        "signature": "sha256:b0d5758c5c9bea894eccd74210cfc9d68eb1384806161d2394e726f1352defe1",
        "mods": [
          {
            "modId": "ComputerCraft",
            "state": "Constructed"
          }
        ]
      },
      {
        "signature": "sha256:d0e2fe70d9c38f6c1863b5842b40742f0650d70492e9eb01ffc3a0f5d4c7050c",
        "mods": []
      },
      {
        "signature": "sha256:89a6bb554e44d3e29599b077d38da767b4880896132ab26d804e179f4bd7cd6b",
        "mods": [
          {
            "modId": "buildcraftutils",
            "state": "Constructed"
          }
        ]
      },
      {
        "signature": "sha256:88e1314554b9fb24356d6629b65512c0080c80ae98d9bb275ebdf299ab13241b",
        "mods": [
          {
            "modId": "Treecapitator",
            "state": "Constructed"
          }
        ]
      },
      {
        "signature": "sha256:1d021aa5310d7796b84bafdec0f1a93e927fa207feb92bd80567b08004da357a",
        "mods": [
          {
            "modId": "StartingInventory",
            "state": "Constructed"
          }
        ]
      },
      {
        "signature": "sha256:6fc3544ba41f4b7bce855ea95e6a366e7518ab1ef2d8bcbf1a86c0122e576694",
        "mods": [
          {
            "modId": "additionalpipes",
            "state": "Constructed"
          }
        ]
      },
      {
        "signature": "sha256:a516d1509ea509a98aa267429fa74f4b73a65ecc0fedf1d8620dad4498db1fce",
        "mods": [
          {
            "modId": "FML",
            "state": "Constructed"
          },
          {
            "modId": "Forge",
            "state": "Constructed"
          }
        ]
      },
      {
        "signature": "sha256:b9d2089cd4d8bc263cf1b775fd4664f7738f779d3ba66183c3b90f2160163fff",
        "mods": [
          {
            "modId": "IC2",
            "state": "Constructed"
          }
        ]
      },
      {
        "signature": "sha256:5e1176890183f4e362928fe51f508ae12767a9e695083ce9137d8fc2400e6a26",
        "mods": [
          {
            "modId": "OCS",
            "state": "Constructed"
          }
        ]
      },
      {
        "signature": "sha256:992319adaba0195845a9128f182ccdba157bf286d8ea06f9c246c7be97c9ae88",
        "mods": [
          {
            "modId": "BuildCraft|Compat",
            "state": "Constructed"
          }
        ]
      },
      {
        "signature": "sha256:e3eb565c8471612f7e768ca119e8d90da987938328977b08b6302015625994e9",
        "mods": [
          {
            "modId": "ProjectE",
            "state": "Constructed"
          }
        ]
      },
      {
        "signature": "sha256:4aefd46a129ce721f5de377f97a0ec72197653031c975074ba7db006b13edbad",
        "mods": [
          {
            "modId": "LogisticsPipes",
            "state": "Constructed"
          }
        ]
      },
      {
        "signature": "sha256:d0e2fe70d9c38f6c1863b5842b40742f0650d70492e9eb01ffc3a0f5d4c7050c",
        "mods": []
      },
      {
        "signature": "sha256:8772f727448b8c68785331ae051cb5d80ac6ade14b36646eed101f621356b1b1",
        "mods": [
          {
            "modId": "OpenEye",
            "state": "Constructed"
          }
        ]
      },
      {
        "signature": "sha256:2bb67c0cb58e983019d3b341cd5cffbe5b26acafd698c5b56dd50ad9eda8e77c",
        "mods": []
      },
      {
        "signature": "sha256:c023c00cd531887b45c8d2650559159510a192fc0f016f769b1cc492d8c47810",
        "mods": [
          {
            "modId": "bspkrsCore",
            "state": "Constructed"
          }
        ]
      },
      {
        "signature": "sha256:2b4b16971a16e62ac0b50f2de9350ae0d2a2d9ecc3c44b730760d70c59fb7b03",
        "mods": [
          {
            "modId": "autoswitch",
            "state": "Errored"
          }
        ]
      },
      {
        "signature": "sha256:90806dd16cc7c4498e4d0b45b91a3172a0f7404265e4f6e725b61bc80bce892d",
        "mods": [
          {
            "modId": "appliedenergistics2",
            "state": "Constructed"
          }
        ]
      },
      {
        "signature": "sha256:a0250933fe8cc6a44eb098016d4dadaba7746a27efc3d5a7f4f4c9bf247cfe09",
        "mods": []
      },
      {
        "signature": "sha256:b8ab46fcc99b7eaffa92da9afd2e50f3fdf39f7f0bd0799804bf7eb9a59f0995",
        "mods": [
          {
            "modId": "eureka",
            "state": "Constructed"
          }
        ]
      }
    ],
    "timestamp": 1425301663628,
    "location": "crash_handler",
    "exception": {
      "stack": [
        {
          "class": "cpw.mods.fml.common.LoadController",
          "method": "transition",
          "file": "LoadController.java",
          "line": 162
        },
        {
          "class": "cpw.mods.fml.common.Loader",
          "method": "loadMods",
          "file": "Loader.java",
          "line": 502
        },
        {
          "class": "cpw.mods.fml.server.FMLServerHandler",
          "method": "beginServerLoading",
          "file": "FMLServerHandler.java",
          "line": 87
        },
        {
          "class": "cpw.mods.fml.common.FMLCommonHandler",
          "method": "onServerStart",
          "file": "FMLCommonHandler.java",
          "line": 314
        },
        {
          "class": "net.minecraft.server.dedicated.DedicatedServer",
          "method": "func_71197_b",
          "file": "DedicatedServer.java",
          "line": 117
        },
        {
          "class": "net.minecraft.server.MinecraftServer",
          "method": "run",
          "file": "MinecraftServer.java",
          "line": 387
        },
        {
          "class": "net.minecraft.server.MinecraftServer$2",
          "method": "run",
          "file": "MinecraftServer.java",
          "line": 685
        }
      ],
      "exception": "cpw.mods.fml.common.LoaderException",
      "message": "java.lang.ClassNotFoundException: thebombzen.mods.autoswitch.AutoSwitch",
      "cause": {
        "stack": [
          {
            "class": "net.minecraft.launchwrapper.LaunchClassLoader",
            "method": "findClass",
            "file": "LaunchClassLoader.java",
            "line": 191
          },
          {
            "class": "java.lang.ClassLoader",
            "method": "loadClass",
            "line": -1,
            "signatures": []
          },
          {
            "class": "java.lang.ClassLoader",
            "method": "loadClass",
            "line": -1,
            "signatures": []
          },
          {
            "class": "cpw.mods.fml.common.ModClassLoader",
            "method": "loadClass",
            "file": "ModClassLoader.java",
            "line": 58
          },
          {
            "class": "java.lang.Class",
            "method": "forName0",
            "line": -2,
            "signatures": []
          },
          {
            "class": "java.lang.Class",
            "method": "forName",
            "line": -1,
            "signatures": []
          },
          {
            "class": "cpw.mods.fml.common.FMLModContainer",
            "method": "constructMod",
            "file": "FMLModContainer.java",
            "line": 420
          },
          {
            "class": "sun.reflect.NativeMethodAccessorImpl",
            "method": "invoke0",
            "line": -2,
            "signatures": []
          },
          {
            "class": "sun.reflect.NativeMethodAccessorImpl",
            "method": "invoke",
            "line": -1,
            "signatures": []
          },
          {
            "class": "sun.reflect.DelegatingMethodAccessorImpl",
            "method": "invoke",
            "line": -1,
            "signatures": []
          },
          {
            "class": "java.lang.reflect.Method",
            "method": "invoke",
            "line": -1,
            "signatures": []
          },
          {
            "class": "com.google.common.eventbus.EventSubscriber",
            "method": "handleEvent",
            "file": "EventSubscriber.java",
            "line": 74,
            "signatures": []
          },
          {
            "class": "com.google.common.eventbus.SynchronizedEventSubscriber",
            "method": "handleEvent",
            "file": "SynchronizedEventSubscriber.java",
            "line": 47,
            "signatures": []
          },
          {
            "class": "com.google.common.eventbus.EventBus",
            "method": "dispatch",
            "file": "EventBus.java",
            "line": 322,
            "signatures": []
          },
          {
            "class": "com.google.common.eventbus.EventBus",
            "method": "dispatchQueuedEvents",
            "file": "EventBus.java",
            "line": 304,
            "signatures": []
          },
          {
            "class": "com.google.common.eventbus.EventBus",
            "method": "post",
            "file": "EventBus.java",
            "line": 275,
            "signatures": []
          },
          {
            "class": "cpw.mods.fml.common.LoadController",
            "method": "sendEventToModContainer",
            "file": "LoadController.java",
            "line": 208
          },
          {
            "class": "cpw.mods.fml.common.LoadController",
            "method": "propogateStateMessage",
            "file": "LoadController.java",
            "line": 187
          },
          {
            "class": "sun.reflect.NativeMethodAccessorImpl",
            "method": "invoke0",
            "line": -2,
            "signatures": []
          },
          {
            "class": "sun.reflect.NativeMethodAccessorImpl",
            "method": "invoke",
            "line": -1,
            "signatures": []
          },
          {
            "class": "sun.reflect.DelegatingMethodAccessorImpl",
            "method": "invoke",
            "line": -1,
            "signatures": []
          },
          {
            "class": "java.lang.reflect.Method",
            "method": "invoke",
            "line": -1,
            "signatures": []
          },
          {
            "class": "com.google.common.eventbus.EventSubscriber",
            "method": "handleEvent",
            "file": "EventSubscriber.java",
            "line": 74,
            "signatures": []
          },
          {
            "class": "com.google.common.eventbus.SynchronizedEventSubscriber",
            "method": "handleEvent",
            "file": "SynchronizedEventSubscriber.java",
            "line": 47,
            "signatures": []
          },
          {
            "class": "com.google.common.eventbus.EventBus",
            "method": "dispatch",
            "file": "EventBus.java",
            "line": 322,
            "signatures": []
          },
          {
            "class": "com.google.common.eventbus.EventBus",
            "method": "dispatchQueuedEvents",
            "file": "EventBus.java",
            "line": 304,
            "signatures": []
          },
          {
            "class": "com.google.common.eventbus.EventBus",
            "method": "post",
            "file": "EventBus.java",
            "line": 275,
            "signatures": []
          },
          {
            "class": "cpw.mods.fml.common.LoadController",
            "method": "distributeStateMessage",
            "file": "LoadController.java",
            "line": 118
          },
          {
            "class": "cpw.mods.fml.common.Loader",
            "method": "loadMods",
            "file": "Loader.java",
            "line": 492
          }
        ],
        "exception": "java.lang.ClassNotFoundException",
        "message": "thebombzen.mods.autoswitch.AutoSwitch",
        "cause": {
          "stack": [
            {
              "class": "cpw.mods.fml.common.asm.transformers.SideTransformer",
              "method": "transform",
              "file": "SideTransformer.java",
              "line": 50
            },
            {
              "class": "net.minecraft.launchwrapper.LaunchClassLoader",
              "method": "runTransformers",
              "file": "LaunchClassLoader.java",
              "line": 279
            },
            {
              "class": "net.minecraft.launchwrapper.LaunchClassLoader",
              "method": "findClass",
              "file": "LaunchClassLoader.java",
              "line": 176
            }
          ],
          "exception": "java.lang.RuntimeException",
          "message": "Attempted to load class thebombzen/mods/autoswitch/AutoSwitch for invalid side SERVER"
        }
      }
    },
    "random": 813050214,
    "resolved": true,
    "branding": [
      "Minecraft 1.7.10",
      "MCP v9.05",
      "FML v7.10.85.1291",
      "Minecraft Forge 10.13.2.1291",
      "29 mods loaded, 29 mods active"
    ],
    "runtime": {
      "mcp": "MCP v9.05",
      "fml": "7.10.85.1291",
      "forge": "10.13.2.1291"
    },
    "minecraft": "Minecraft 1.7.10",
    "javaVersion": "Oracle Corporation 1.8.0_31",
    "side": "server",
    "obfuscated": true,
    "type": "crashlog"
  }
]